ID,total_cost
tour_1,17411698.0
tour_100,9733814.0
tour_1001,9726484.0
tour_1006,3087808.0
tour_1009,25614098.0
tour_1010,4252347.5
tour_1014,6857148.5
tour_1015,2208864.5
tour_1019,1135012.1
tour_1020,6624315.0
tour_1023,12127277.0
tour_1025,17321590.0
tour_1031,30148830.0
tour_1037,3897333.2
tour_1044,3581647.0
tour_1053,7721765.0
tour_1056,4906533.5
tour_106,16427629.0
tour_1064,5510238.5
tour_1069,11117135.0
tour_1077,1287133.2
tour_1084,4412338.0
tour_1087,8283189.5
tour_1089,744678.0
tour_1091,2727549.2
tour_1093,7076462.5
tour_1094,2429934.8
tour_110,688229.6
tour_1100,2865716.2
tour_1101,23475408.0
tour_1105,7072426.5
tour_1106,8186850.0
tour_111,2061233.1
tour_1112,18682014.0
tour_1113,13209117.0
tour_1114,1367473.1
tour_1117,1988576.6
tour_1119,5199918.5
tour_1127,6568266.0
tour_1140,3238238.8
tour_1141,2306810.2
tour_1143,5469994.0
tour_1145,1368922.4
tour_1148,2124300.8
tour_1153,1835428.0
tour_1156,2726742.2
tour_1157,2818768.5
tour_1160,988427.25
tour_1169,12055915.0
tour_1170,3400506.5
tour_1177,1387873.8
tour_1180,4567335.0
tour_1185,6440575.5
tour_1187,1865165.4
tour_1189,24734046.0
tour_119,13678701.0
tour_1199,1524774.5
tour_120,836668.8
tour_1204,13344198.0
tour_1206,2979750.0
tour_1218,1463652.9
tour_1223,3329997.8
tour_1225,5588437.0
tour_1227,4603674.0
tour_1228,659216.3
tour_1229,3659748.2
tour_1232,11438973.0
tour_1236,22952856.0
tour_1237,4269422.0
tour_124,5978108.5
tour_1240,2397644.5
tour_1243,823590.44
tour_125,3090849.5
tour_1250,23112886.0
tour_1251,11147596.0
tour_1255,5909475.5
tour_1257,7158876.0
tour_1258,8953697.0
tour_1264,814613.25
tour_1266,1771711.9
tour_1268,12461234.0
tour_1269,1826524.1
tour_127,2576037.0
tour_1270,1927325.5
tour_1272,722173.0
tour_1277,3883837.0
tour_1280,8585397.0
tour_1283,18428562.0
tour_1284,11396413.0
tour_1285,7345923.0
tour_1288,2838472.2
tour_1292,3581486.5
tour_1293,5100337.5
tour_1297,5688526.5
tour_1299,7417599.0
tour_130,3056614.2
tour_1300,3299749.8
tour_1301,5746697.0
tour_1307,3387565.5
tour_131,736101.8
tour_1317,8676970.0
tour_1318,4861020.0
tour_1320,3837374.8
tour_1322,2207754.0
tour_1323,2997834.0
tour_1341,778934.9
tour_1346,3614383.2
tour_1348,2678164.5
tour_1352,13036716.0
tour_1354,10120698.0
tour_1355,7772540.0
tour_1365,1257103.1
tour_1366,11840153.0
tour_1374,5169033.0
tour_1378,2601658.8
tour_1389,2394800.5
tour_1392,1259031.5
tour_1396,3102470.8
tour_1398,7215333.5
tour_140,690971.4
tour_1403,209417.66
tour_1407,12337200.0
tour_1416,1852944.6
tour_1421,4537013.5
tour_1424,13041315.0
tour_1428,18580994.0
tour_1433,889061.75
tour_1434,9930786.0
tour_1435,1039567.5
tour_1437,905392.44
tour_1438,1160380.1
tour_1441,672413.06
tour_1442,2121484.0
tour_1449,1614807.1
tour_1450,15250529.0
tour_1451,1027858.1
tour_1459,10832389.0
tour_1463,795896.8
tour_1468,3460014.5
tour_1470,674390.25
tour_1477,4191780.5
tour_1479,30296430.0
tour_1484,3164115.5
tour_1488,27422022.0
tour_1497,9896605.0
tour_1499,10756435.0
tour_15,6514126.5
tour_1502,6505421.0
tour_1503,6067250.5
tour_1515,16060007.0
tour_1517,19170694.0
tour_1521,4006796.5
tour_1522,911043.8
tour_1523,8811359.0
tour_1527,3739175.0
tour_153,2041453.8
tour_1532,11494627.0
tour_1535,1600538.9
tour_1539,10541778.0
tour_154,6918651.5
tour_1540,3813289.5
tour_1544,4200444.5
tour_1546,1759387.1
tour_1549,3095805.8
tour_1552,8263065.5
tour_1553,4862973.0
tour_1554,3049097.8
tour_1557,2197243.0
tour_1566,10880521.0
tour_1568,1188622.6
tour_1569,13303178.0
tour_158,2379777.8
tour_1583,15895679.0
tour_1584,17219388.0
tour_1588,4787186.0
tour_159,30573066.0
tour_1594,3000532.0
tour_1595,7382432.0
tour_160,7928744.5
tour_1603,18188436.0
tour_1608,2583300.0
tour_161,5593921.0
tour_1611,7894822.5
tour_1615,5937153.5
tour_1622,2931607.0
tour_1624,12995581.0
tour_1625,5822096.0
tour_1627,9751655.0
tour_1630,734972.5
tour_1632,9941159.0
tour_1637,14530748.0
tour_164,2867266.5
tour_1641,1839664.4
tour_1643,26221944.0
tour_1649,5677078.0
tour_1650,26738786.0
tour_1651,17298966.0
tour_1654,1303440.0
tour_1657,18502762.0
tour_1660,1380472.0
tour_1668,3646701.8
tour_167,4765302.5
tour_1674,16181154.0
tour_1676,13948419.0
tour_1680,7201771.0
tour_1682,17410392.0
tour_1689,691446.4
tour_1695,12688086.0
tour_1696,1844311.0
tour_1699,12915369.0
tour_1704,704354.9
tour_171,1717933.8
tour_1711,693741.1
tour_1717,13023585.0
tour_1718,3062563.8
tour_1734,37183572.0
tour_1743,15448646.0
tour_1744,23580472.0
tour_1745,10816048.0
tour_175,16164377.0
tour_1754,11803594.0
tour_1759,17153584.0
tour_1766,12371191.0
tour_177,12625642.0
tour_1770,32754574.0
tour_1772,4187280.5
tour_1773,26424120.0
tour_1777,6909222.0
tour_178,1601016.0
tour_179,1384023.0
tour_1792,17256040.0
tour_1793,26549508.0
tour_1796,24556108.0
tour_1804,8740814.0
tour_1809,10625471.0
tour_1815,3660180.0
tour_1819,8776205.0
tour_1820,5635771.5
tour_1826,17515778.0
tour_1827,29611490.0
tour_183,6763072.0
tour_1830,19401328.0
tour_1834,10167013.0
tour_1836,7468047.5
tour_1839,7844322.5
tour_1843,23244952.0
tour_1846,17555824.0
tour_1849,8453250.0
tour_1856,21346616.0
tour_1863,11029106.0
tour_1864,3453624.0
tour_1865,5910699.0
tour_1868,5033362.0
tour_1874,1941885.0
tour_1879,17410392.0
tour_188,2095776.2
tour_1888,1396991.8
tour_1889,24825910.0
tour_1892,14156872.0
tour_1894,9150967.0
tour_1901,5843485.0
tour_1903,23976512.0
tour_191,31017060.0
tour_1910,1878645.2
tour_1912,16013619.0
tour_1924,15276876.0
tour_1928,22906886.0
tour_1932,14119665.0
tour_1939,10529735.0
tour_1948,13078605.0
tour_1951,18498824.0
tour_1952,13901204.0
tour_1954,10864706.0
tour_1955,25577308.0
tour_1957,6712549.5
tour_196,14415841.0
tour_1964,1493706.8
tour_1966,9444746.0
tour_1976,17495352.0
tour_198,1895497.8
tour_1983,8490073.0
tour_1984,18307502.0
tour_1987,19581172.0
tour_1989,4815870.5
tour_199,5593285.5
tour_1990,1230399.5
tour_1991,13350596.0
tour_1992,1885929.2
tour_1994,15064763.0
tour_1995,22693922.0
tour_1998,10893985.0
tour_200,9055294.0
tour_2007,5485396.0
tour_201,1309283.8
tour_2010,10160915.0
tour_2011,16387262.0
tour_2012,1508623.2
tour_2013,9626456.0
tour_2014,800449.44
tour_2017,32296222.0
tour_2023,12405484.0
tour_2025,22484078.0
tour_2030,8419812.0
tour_2035,9381880.0
tour_2044,17234910.0
tour_2051,930498.5
tour_2053,17595582.0
tour_2056,19270908.0
tour_2061,17248034.0
tour_2062,4852927.5
tour_2065,2308636.8
tour_2066,5299219.0
tour_2074,10953631.0
tour_2075,17201422.0
tour_2086,12741373.0
tour_209,4876635.0
tour_2091,21476554.0
tour_2097,3310955.0
tour_21,18336344.0
tour_2102,1924028.5
tour_2108,4546277.5
tour_2117,2888412.5
tour_2120,1108703.9
tour_2126,8550275.0
tour_2127,1339288.5
tour_2128,15957563.0
tour_2132,4237592.5
tour_2133,20448720.0
tour_2137,4865239.0
tour_2141,14113695.0
tour_2142,21668882.0
tour_2147,5429592.5
tour_2148,10463255.0
tour_2150,774367.25
tour_2165,946363.2
tour_2167,23095866.0
tour_2171,2726375.5
tour_2173,22599080.0
tour_2174,10231379.0
tour_2181,14230643.0
tour_2189,759018.56
tour_2192,1783906.9
tour_2193,1324525.8
tour_2197,1041784.3
tour_2198,8044161.5
tour_220,21617720.0
tour_2208,23140294.0
tour_2214,14481549.0
tour_2215,6988043.5
tour_2219,1666104.2
tour_222,1421386.4
tour_2224,7043650.0
tour_2225,2002965.8
tour_2226,30725586.0
tour_2227,8852973.0
tour_2232,4870831.5
tour_2235,1390080.6
tour_2238,19805482.0
tour_224,1964473.9
tour_2244,1383860.4
tour_2245,8420838.0
tour_2247,10542870.0
tour_2249,3349807.2
tour_2256,20976792.0
tour_2257,994230.56
tour_2259,5015762.5
tour_226,850711.8
tour_2262,10670966.0
tour_2264,3749607.5
tour_2269,13842170.0
tour_227,10418003.0
tour_2272,20292614.0
tour_2273,1815105.4
tour_2275,1642647.1
tour_2279,15551203.0
tour_2287,1338512.1
tour_229,1735730.1
tour_2293,13040255.0
tour_2298,1590242.0
tour_2300,3811414.8
tour_2303,31870616.0
tour_2304,1498477.9
tour_2307,2620250.5
tour_2309,6988066.0
tour_2316,1832531.2
tour_2320,1584258.6
tour_2322,18350734.0
tour_2323,12766733.0
tour_2332,3608502.5
tour_2335,5567332.5
tour_234,7802593.5
tour_2340,7160881.5
tour_2341,9758293.0
tour_2350,4464928.0
tour_2359,7781154.5
tour_236,12074200.0
tour_2363,9864557.0
tour_2365,17944334.0
tour_2366,11201384.0
tour_2369,12568508.0
tour_237,19435818.0
tour_2379,16002799.0
tour_239,12990928.0
tour_2390,6416660.0
tour_2393,9615577.0
tour_2397,7144287.5
tour_2404,1021599.1
tour_2406,986200.4
tour_2413,4625727.5
tour_2415,1579689.1
tour_2418,758192.1
tour_2427,3374187.5
tour_2430,1240574.1
tour_2431,13146951.0
tour_2432,5020517.0
tour_2437,6317841.0
tour_244,8768368.0
tour_2442,13685843.0
tour_2452,26620750.0
tour_2456,37231390.0
tour_2460,17225282.0
tour_2464,2246746.2
tour_2467,7175147.0
tour_2468,20738594.0
tour_247,20919418.0
tour_2472,8043477.5
tour_2473,4166274.2
tour_2474,7241011.0
tour_2477,6928511.0
tour_248,21467866.0
tour_2481,26174904.0
tour_2491,1072896.5
tour_2494,3619773.2
tour_2496,13315435.0
tour_2497,10652094.0
tour_2506,13432084.0
tour_2508,14193232.0
tour_2509,824531.2
tour_2512,11577629.0
tour_2513,15519620.0
tour_2514,8769534.0
tour_2520,27469748.0
tour_2522,5540501.0
tour_2523,21330810.0
tour_2531,4153946.5
tour_2539,6317120.0
tour_2541,5472957.0
tour_2546,8523332.0
tour_2552,4756856.5
tour_2554,3726193.5
tour_2555,1439348.9
tour_2556,700681.25
tour_2561,955384.7
tour_2568,865916.8
tour_2571,3136830.8
tour_2577,2145946.0
tour_2581,20263788.0
tour_2582,9170758.0
tour_2589,2890191.2
tour_2591,1322493.4
tour_2593,10958768.0
tour_2595,14436387.0
tour_2596,14815287.0
tour_2597,2404784.0
tour_2599,22855410.0
tour_26,7345937.0
tour_2603,1151640.5
tour_2604,17238766.0
tour_261,23821604.0
tour_2612,3132564.5
tour_2614,18736188.0
tour_2616,4998376.0
tour_2619,14068759.0
tour_262,4760440.5
tour_2624,16642041.0
tour_2626,1397094.0
tour_2628,2915529.5
tour_2640,4710384.0
tour_2641,1514215.8
tour_2642,3715648.8
tour_2645,4920815.5
tour_2649,23389558.0
tour_2653,5247347.5
tour_2657,811067.75
tour_266,1190172.2
tour_2668,5004665.0
tour_267,4399618.5
tour_2676,2400407.8
tour_268,11847509.0
tour_2681,3036832.8
tour_2683,28073294.0
tour_2686,6722208.0
tour_2688,7313107.5
tour_269,2064189.6
tour_2690,13525842.0
tour_2691,6441803.0
tour_2692,6979635.5
tour_2700,10726760.0
tour_2704,8265543.5
tour_2706,13214831.0
tour_2707,17387640.0
tour_2713,10479789.0
tour_272,16950050.0
tour_2720,3717001.0
tour_2724,764671.6
tour_2732,3769159.5
tour_2738,4691420.5
tour_2740,10330502.0
tour_2744,4816309.0
tour_2747,23350418.0
tour_2752,10253708.0
tour_2761,7646302.5
tour_2763,30175022.0
tour_2766,12559988.0
tour_2779,31075220.0
tour_278,7002506.0
tour_2781,12055965.0
tour_2784,1217488.9
tour_2787,831969.2
tour_279,3687598.5
tour_2790,2599049.8
tour_2796,6811074.0
tour_2797,11747599.0
tour_2799,6202362.0
tour_280,3457901.5
tour_2803,3659957.5
tour_2805,767443.3
tour_2808,14361628.0
tour_2812,26861604.0
tour_282,888510.5
tour_2821,1157801.2
tour_2822,30803924.0
tour_2823,3843189.5
tour_2825,17424138.0
tour_2832,8143151.0
tour_284,1350827.5
tour_2843,10817210.0
tour_2848,2052567.9
tour_2852,992644.06
tour_2853,26371102.0
tour_2854,1011602.6
tour_2857,1326103.1
tour_2868,11852023.0
tour_2869,3683351.2
tour_2873,3941598.0
tour_2874,12182746.0
tour_2877,18554878.0
tour_2878,1482165.5
tour_2879,11159367.0
tour_288,8863572.0
tour_2893,6702178.5
tour_2897,5784199.0
tour_2898,1432956.0
tour_29,2928520.2
tour_2901,2814346.8
tour_2907,2507113.0
tour_2914,18771744.0
tour_2923,1908405.5
tour_2925,18150866.0
tour_2926,8699936.0
tour_2927,13986234.0
tour_2928,22056198.0
tour_2931,6057854.0
tour_2934,4950147.5
tour_2941,1847365.8
tour_2947,2837565.8
tour_2948,4197256.5
tour_2951,3010127.2
tour_2953,9500229.0
tour_2955,4990645.5
tour_2956,12658671.0
tour_2964,5762787.0
tour_2967,5224957.5
tour_2983,1795995.5
tour_2986,18078664.0
tour_2989,918233.6
tour_2995,1907628.8
tour_3,2104794.8
tour_300,18465434.0
tour_3020,13472039.0
tour_3021,5431305.5
tour_3025,22045422.0
tour_3029,750478.56
tour_3030,5946463.5
tour_3034,10510282.0
tour_3045,9719949.0
tour_3058,6312075.0
tour_3065,1550433.2
tour_308,25264172.0
tour_3083,3668218.8
tour_3085,11438036.0
tour_3094,1866692.9
tour_3096,2395511.5
tour_3097,9122051.0
tour_3098,10800803.0
tour_3099,808279.25
tour_310,5653345.5
tour_3101,1908731.8
tour_3106,17764548.0
tour_311,1064047.2
tour_3110,19565984.0
tour_312,16033425.0
tour_3122,757694.8
tour_3123,955384.7
tour_3125,1510182.1
tour_3128,5254757.0
tour_313,6646231.5
tour_3133,16808366.0
tour_3134,16155680.0
tour_3136,11375190.0
tour_3139,9901336.0
tour_3141,1177034.1
tour_3145,17607334.0
tour_3147,6261828.0
tour_315,1709926.4
tour_3165,16455610.0
tour_3168,729129.25
tour_3179,10407292.0
tour_3191,17323426.0
tour_3195,4726026.5
tour_320,2027502.1
tour_3208,15554875.0
tour_3209,17176678.0
tour_3210,15957526.0
tour_3212,23772514.0
tour_3217,18917048.0
tour_3218,28929270.0
tour_323,2389273.5
tour_3233,700681.25
tour_3235,14185380.0
tour_3237,4220427.0
tour_3244,990932.1
tour_3247,19938122.0
tour_3249,18551620.0
tour_3252,9169886.0
tour_3254,4612556.0
tour_3257,9437207.0
tour_3259,829150.06
tour_3261,1858847.2
tour_3267,10693105.0
tour_3269,759764.06
tour_3271,17390374.0
tour_3273,1256077.0
tour_3283,6091531.0
tour_329,3082378.5
tour_33,12784191.0
tour_3303,11145411.0
tour_3304,793759.94
tour_3306,5836657.0
tour_3310,16800038.0
tour_3312,12026461.0
tour_3316,13378472.0
tour_3319,10470447.0
tour_3322,19637360.0
tour_3326,8118991.5
tour_3327,7346904.5
tour_333,2428300.8
tour_3332,8088100.5
tour_3334,23869206.0
tour_3335,17926778.0
tour_3339,2628237.0
tour_334,1953756.0
tour_3342,7563152.0
tour_3345,8894245.0
tour_3346,11824032.0
tour_3350,2727728.0
tour_3353,9032940.0
tour_3358,727359.5
tour_336,1883082.1
tour_3361,1834156.5
tour_3365,6489502.5
tour_337,4775811.0
tour_3372,907610.94
tour_3384,1531116.4
tour_3389,13472921.0
tour_3392,24712260.0
tour_3404,20795500.0
tour_341,31303152.0
tour_3414,837980.44
tour_3421,11922928.0
tour_3423,20828792.0
tour_3425,11631846.0
tour_3426,902631.2
tour_343,1402056.9
tour_3441,862124.3
tour_3444,12882346.0
tour_345,1156815.4
tour_3451,3864682.2
tour_3455,14097384.0
tour_3459,637474.6
tour_346,12443475.0
tour_3462,10305282.0
tour_3465,827150.25
tour_3473,15370961.0
tour_3476,630888.8
tour_3479,16731685.0
tour_348,11881472.0
tour_3480,28527446.0
tour_3485,4361961.0
tour_3494,15377314.0
tour_3497,6638397.5
tour_35,903311.7
tour_3504,18161898.0
tour_3513,4424167.5
tour_3516,672347.8
tour_3523,8506346.0
tour_3525,9554557.0
tour_3526,832915.2
tour_353,25150612.0
tour_3530,14941462.0
tour_3533,579822.75
tour_3535,4294026.5
tour_3540,1243431.9
tour_3548,12991589.0
tour_356,934518.56
tour_3561,19137358.0
tour_3562,17948718.0
tour_3567,1573796.6
tour_3571,6093274.0
tour_3572,14645700.0
tour_3579,10376225.0
tour_3589,11274370.0
tour_3593,4000575.2
tour_3598,9395467.0
tour_36,713079.7
tour_3600,9856994.0
tour_3603,15205142.0
tour_3605,16704154.0
tour_3609,15594276.0
tour_361,22721548.0
tour_3610,7543005.0
tour_3613,4920059.5
tour_3615,10548160.0
tour_3618,13683266.0
tour_3620,20347480.0
tour_3622,10724090.0
tour_3623,18784968.0
tour_3626,25216028.0
tour_3637,3558847.0
tour_364,2018035.6
tour_3644,6646004.5
tour_3645,10580660.0
tour_3650,5944740.5
tour_3654,17926778.0
tour_3657,694196.3
tour_3659,991588.9
tour_3662,1655816.6
tour_3665,936037.9
tour_3668,757022.94
tour_367,5573270.5
tour_3674,2243250.5
tour_3679,10316529.0
tour_3680,14221596.0
tour_3684,4646314.0
tour_3690,20108416.0
tour_3691,6174070.5
tour_3692,11695722.0
tour_3693,4921176.0
tour_3704,1788051.4
tour_3709,3221578.2
tour_3711,15297390.0
tour_3715,2356538.8
tour_3716,14748857.0
tour_3722,888697.7
tour_3723,1308368.8
tour_3726,17359142.0
tour_3727,1301879.4
tour_373,1041795.8
tour_3732,2599467.8
tour_3739,16127729.0
tour_374,1732820.1
tour_3742,14896343.0
tour_3750,15627905.0
tour_3751,11439056.0
tour_3758,1791630.1
tour_3759,3172281.5
tour_3761,21672646.0
tour_3768,611330.9
tour_3771,779014.0
tour_3773,1553303.4
tour_3774,696887.1
tour_3776,4239913.0
tour_3779,6182205.5
tour_378,2792836.0
tour_3787,11997132.0
tour_379,4614688.0
tour_3795,5422824.5
tour_3798,13101206.0
tour_3802,2952554.5
tour_3827,21654220.0
tour_3828,20822260.0
tour_3830,20669788.0
tour_3832,17395900.0
tour_3833,17357002.0
tour_3834,14213734.0
tour_384,3323125.8
tour_3841,2074983.9
tour_3845,1280587.5
tour_385,16925514.0
tour_3855,10220166.0
tour_3856,807935.56
tour_3857,625971.75
tour_386,3801632.2
tour_3864,632665.0
tour_3866,2724364.8
tour_3869,4869730.5
tour_387,2321289.8
tour_3870,14390190.0
tour_3872,810662.3
tour_3873,14342995.0
tour_3877,5764312.0
tour_3879,658098.3
tour_389,3354847.0
tour_3896,1944606.4
tour_390,9017840.0
tour_3902,6536021.5
tour_3908,19546060.0
tour_3912,12847360.0
tour_3915,2026229.6
tour_3916,10445165.0
tour_3917,2867810.0
tour_3928,11220988.0
tour_3930,20669788.0
tour_3934,2107889.2
tour_3935,11606270.0
tour_3936,8303136.5
tour_3938,16597788.0
tour_3939,569521.25
tour_3940,17555012.0
tour_3942,4255482.0
tour_3945,2578485.5
tour_3954,1832531.2
tour_3966,1888030.6
tour_3970,22955216.0
tour_3989,20730188.0
tour_3990,10192222.0
tour_3993,14212717.0
tour_3995,12549333.0
tour_3996,13643372.0
tour_3999,19431012.0
tour_4000,615366.4
tour_4010,13887380.0
tour_4015,8051062.5
tour_4016,23810406.0
tour_4019,11698746.0
tour_402,2970223.2
tour_4020,1107211.0
tour_4032,12043085.0
tour_4033,15192409.0
tour_4034,2108838.5
tour_4035,12043085.0
tour_4037,12043085.0
tour_404,738951.8
tour_4042,6627424.0
tour_4048,12520125.0
tour_405,18081634.0
tour_4050,7074625.0
tour_4051,927451.25
tour_406,2004016.5
tour_4061,722249.5
tour_4069,13554517.0
tour_4070,3061100.2
tour_4073,7797397.0
tour_4081,14470387.0
tour_4082,5478639.5
tour_4088,8633390.0
tour_4089,2727174.2
tour_41,814127.2
tour_4102,6757139.5
tour_4103,13700991.0
tour_4104,15806343.0
tour_4109,12848983.0
tour_411,6876542.0
tour_4111,18448742.0
tour_4116,1677930.5
tour_4126,10663316.0
tour_4132,4691555.0
tour_4136,10160005.0
tour_4138,14708931.0
tour_4139,1219400.9
tour_414,1124187.8
tour_4141,14115503.0
tour_4143,6150923.5
tour_4144,12238013.0
tour_4145,6456331.0
tour_4146,752333.94
tour_4151,2565830.5
tour_4152,931869.4
tour_4162,2175297.5
tour_4163,18088648.0
tour_4166,15303676.0
tour_4173,3069135.0
tour_4174,13016226.0
tour_4175,8076671.5
tour_4177,2850445.8
tour_4178,12255968.0
tour_418,2191039.0
tour_4182,5478639.5
tour_4184,1425494.5
tour_4185,4100348.5
tour_4188,11218523.0
tour_419,16547890.0
tour_4192,6892249.0
tour_4194,26180738.0
tour_4196,18612732.0
tour_4199,17149920.0
tour_42,1280937.2
tour_4204,1900315.6
tour_4211,18820604.0
tour_4212,13813738.0
tour_4217,13071936.0
tour_4219,17989658.0
tour_4226,818054.0
tour_4228,12908435.0
tour_4229,1076349.8
tour_423,5639465.5
tour_4234,1768274.9
tour_4235,1250879.5
tour_424,3560927.0
tour_4247,10406925.0
tour_4250,680858.06
tour_4253,13002225.0
tour_4260,10136310.0
tour_4268,1017040.56
tour_4280,5217479.0
tour_4284,11841148.0
tour_4289,14376132.0
tour_4293,8025767.5
tour_4294,4178827.2
tour_4296,1633997.2
tour_4298,5139818.0
tour_43,2875342.2
tour_4302,14658753.0
tour_4317,10136562.0
tour_4321,14491450.0
tour_4327,13482953.0
tour_4328,12083619.0
tour_4330,10466403.0
tour_434,4501540.0
tour_4340,10168396.0
tour_4347,2910867.8
tour_435,13581858.0
tour_4350,1221889.9
tour_4354,849953.7
tour_4358,3192144.5
tour_4363,8900836.0
tour_4365,10162354.0
tour_4372,2624340.5
tour_4374,4557336.5
tour_438,1918679.8
tour_4381,1272266.4
tour_4384,1600013.8
tour_4386,9153094.0
tour_4394,9105085.0
tour_4396,4396350.0
tour_4402,13259465.0
tour_4411,724161.9
tour_4417,17201616.0
tour_442,689470.9
tour_4420,13369080.0
tour_4421,623122.06
tour_4425,10306532.0
tour_4435,1198855.0
tour_4443,12044555.0
tour_4444,920970.4
tour_4445,19431454.0
tour_4448,10466403.0
tour_4449,33479138.0
tour_4451,795192.1
tour_4463,713210.1
tour_4464,6270463.5
tour_4467,19031490.0
tour_4470,3859796.2
tour_4474,6164570.5
tour_4475,6109694.5
tour_4479,2242748.2
tour_4487,1269281.0
tour_4491,2082266.2
tour_4492,758192.1
tour_4496,784292.5
tour_4497,9012253.0
tour_4499,15586213.0
tour_4501,780123.6
tour_4507,28878196.0
tour_4508,10101306.0
tour_4509,929745.56
tour_451,1264633.5
tour_4514,927945.3
tour_4520,14192063.0
tour_4521,4644373.5
tour_4529,1094478.4
tour_4533,11393865.0
tour_4543,3492730.8
tour_4549,29636762.0
tour_4562,15547198.0
tour_4569,28007142.0
tour_4571,12957176.0
tour_4575,26697490.0
tour_4578,9732933.0
tour_4581,2648235.2
tour_459,16631375.0
tour_460,4781855.0
tour_4602,13761269.0
tour_4603,10825061.0
tour_4618,17044408.0
tour_4620,20357166.0
tour_4621,21735990.0
tour_4625,3636966.0
tour_463,951225.6
tour_4641,20795500.0
tour_4659,1384736.1
tour_4666,4329454.5
tour_467,2770854.5
tour_4675,12605636.0
tour_4679,12691034.0
tour_4681,9418013.0
tour_4682,8020491.0
tour_4691,5143669.5
tour_4698,917953.56
tour_470,13540696.0
tour_4702,7158517.5
tour_4704,12266770.0
tour_4707,3733437.0
tour_4712,3728522.5
tour_4721,4143205.5
tour_4722,10991421.0
tour_4723,12888688.0
tour_473,2818910.5
tour_4730,5894748.5
tour_4739,5315339.0
tour_4742,4672954.5
tour_4743,5064355.5
tour_4756,7586201.0
tour_476,2944954.0
tour_4769,14795127.0
tour_477,2773610.5
tour_4782,11514747.0
tour_4784,822536.2
tour_4787,8126747.5
tour_4807,4303373.5
tour_4811,24478522.0
tour_4812,8146859.0
tour_4816,9177347.0
tour_482,5024264.0
tour_4820,3548193.2
tour_4822,10304009.0
tour_4824,18324582.0
tour_4826,5083730.5
tour_4827,2818553.8
tour_4829,1728902.8
tour_4831,674917.4
tour_4832,5520611.0
tour_4837,2920885.8
tour_4844,4750349.5
tour_4846,4235635.0
tour_4848,2444925.0
tour_4851,9574833.0
tour_4854,22137934.0
tour_4869,17801754.0
tour_4873,11095817.0
tour_4876,13155893.0
tour_4878,2613667.0
tour_488,1817357.6
tour_489,15382067.0
tour_4892,988430.5
tour_4896,658444.2
tour_49,791869.1
tour_4903,1683049.6
tour_4905,13069846.0
tour_4909,2376895.2
tour_4918,16096793.0
tour_4926,18464930.0
tour_493,15051515.0
tour_4931,3849659.0
tour_4935,17342840.0
tour_4938,4072424.8
tour_4939,13629194.0
tour_4940,17770570.0
tour_4945,12228178.0
tour_4948,16199035.0
tour_4954,3838191.0
tour_4956,14314334.0
tour_4960,1753870.9
tour_4961,4886517.0
tour_4962,5840040.5
tour_4971,4440062.0
tour_4975,16506507.0
tour_4978,6435715.0
tour_4980,14506668.0
tour_4981,737585.2
tour_4988,4984971.5
tour_499,1412784.8
tour_4995,11741704.0
tour_4998,13600123.0
tour_5004,579822.75
tour_5008,10743369.0
tour_5009,20670768.0
tour_5012,7963126.0
tour_5015,7349003.5
tour_5016,4447725.0
tour_502,1090197.9
tour_5024,12541767.0
tour_5033,2422611.0
tour_5038,3364611.0
tour_5039,6351116.0
tour_5041,10461267.0
tour_5042,14116253.0
tour_5046,9536930.0
tour_5050,1902942.0
tour_5059,19559244.0
tour_5060,7483476.5
tour_5062,16867784.0
tour_5066,773446.2
tour_5075,1313241.0
tour_5081,11617297.0
tour_5090,15822967.0
tour_5094,16259360.0
tour_5096,1066336.9
tour_5099,11249357.0
tour_5103,3169767.2
tour_5104,14839782.0
tour_5111,12149961.0
tour_5113,14139261.0
tour_5127,5185246.5
tour_5129,11345728.0
tour_5138,21565492.0
tour_514,676393.25
tour_5140,737902.7
tour_5143,616090.06
tour_515,5949585.5
tour_5154,11046889.0
tour_5155,10758495.0
tour_5160,8129261.0
tour_5162,5463942.0
tour_5168,15448697.0
tour_517,2650890.0
tour_5174,3813144.8
tour_5178,789479.0
tour_5179,1021599.1
tour_5180,1092083.5
tour_5183,1211094.4
tour_5186,734972.5
tour_5188,2506840.8
tour_5189,10332281.0
tour_5193,22057238.0
tour_5194,17759400.0
tour_5196,8880451.0
tour_5199,733903.56
tour_5203,843300.9
tour_5204,741566.75
tour_521,2789413.0
tour_5212,12266770.0
tour_5213,15796891.0
tour_5215,1312132.5
tour_5216,21094890.0
tour_5217,18011936.0
tour_5219,10182202.0
tour_5222,13461320.0
tour_5226,8222619.5
tour_5235,15569362.0
tour_5240,960448.6
tour_5242,967967.0
tour_525,959440.25
tour_5254,10441057.0
tour_5256,10319880.0
tour_5262,11410438.0
tour_5266,10692389.0
tour_5267,12273872.0
tour_5271,16408973.0
tour_5278,29836600.0
tour_5282,21727082.0
tour_5284,702419.4
tour_5287,15340379.0
tour_5292,890069.8
tour_5295,640132.4
tour_5298,10902335.0
tour_5302,5434329.0
tour_5303,22800194.0
tour_5308,3055731.8
tour_5309,19286678.0
tour_531,1718030.2
tour_532,1648073.9
tour_5325,9634235.0
tour_5334,24146768.0
tour_5337,1451673.6
tour_5341,15601917.0
tour_5342,4948886.0
tour_5343,1817291.4
tour_5349,1190172.2
tour_5350,6358907.5
tour_5354,21858132.0
tour_5355,17442100.0
tour_536,14087976.0
tour_5360,12882521.0
tour_5362,734076.2
tour_5367,16500097.0
tour_5369,14097194.0
tour_5379,808357.8
tour_538,22299040.0
tour_5380,30966952.0
tour_5386,9589853.0
tour_5389,8838676.0
tour_539,12159564.0
tour_5393,11945944.0
tour_5397,8453593.0
tour_54,2096503.2
tour_5403,850161.3
tour_5405,882137.25
tour_5406,14069327.0
tour_5407,15581743.0
tour_5409,792370.75
tour_5410,23696514.0
tour_5420,7758604.0
tour_5423,4709747.0
tour_543,3139435.5
tour_5431,9579012.0
tour_5432,25094554.0
tour_5438,5703791.0
tour_5444,13100428.0
tour_5450,5019106.5
tour_5452,1684477.4
tour_5461,8015985.0
tour_5465,743268.5
tour_5470,628559.8
tour_5477,12432863.0
tour_5479,9936782.0
tour_5481,11297206.0
tour_5483,13149924.0
tour_5486,809653.94
tour_549,953497.56
tour_5490,11277006.0
tour_5491,7188703.0
tour_5492,1095741.2
tour_5495,4193800.0
tour_5499,26285862.0
tour_550,1151224.6
tour_5506,691295.7
tour_5508,33900790.0
tour_5509,16226268.0
tour_5512,19080634.0
tour_5519,787442.8
tour_5521,686776.7
tour_5524,628828.0
tour_5525,1174189.9
tour_5527,1073441.5
tour_5529,816603.6
tour_553,2563131.5
tour_5531,801197.1
tour_5546,6645303.5
tour_5549,2508596.8
tour_5552,13506405.0
tour_5553,19287738.0
tour_5555,28110916.0
tour_556,8169893.5
tour_5566,20504730.0
tour_5567,17348500.0
tour_5569,1380775.1
tour_557,5351663.0
tour_5586,8610801.0
tour_5588,5774444.0
tour_559,1286620.0
tour_5590,7062170.5
tour_5600,26913720.0
tour_5601,1991772.6
tour_5603,784465.1
tour_5609,616601.44
tour_561,25131918.0
tour_5610,762322.2
tour_5613,850161.3
tour_5617,1251882.6
tour_5618,942191.2
tour_5619,1070368.5
tour_562,12745028.0
tour_5625,681478.06
tour_5628,2514739.5
tour_5629,4037068.2
tour_5635,597866.0
tour_5639,9459938.0
tour_5644,1138740.4
tour_5647,734076.2
tour_5660,8149343.5
tour_5661,2484605.5
tour_567,994230.56
tour_5671,744418.3
tour_5675,1243380.4
tour_5676,15875867.0
tour_5677,14843593.0
tour_5680,10932725.0
tour_5690,604569.6
tour_5692,796566.4
tour_5698,990932.1
tour_570,10681849.0
tour_5700,29461580.0
tour_5702,6952334.0
tour_5704,8657240.0
tour_5708,4494969.5
tour_5709,13384005.0
tour_5711,9466613.0
tour_5715,1581594.1
tour_5720,16509110.0
tour_5725,5271993.0
tour_573,3388804.2
tour_5733,10459443.0
tour_5737,5961729.5
tour_5740,23565740.0
tour_5747,661056.4
tour_5748,10700695.0
tour_5749,5307071.0
tour_5750,4717066.0
tour_5751,3306855.5
tour_5764,5936937.5
tour_5768,14060608.0
tour_5770,15111110.0
tour_5773,844737.5
tour_5775,20902984.0
tour_5778,18188266.0
tour_5779,3293380.0
tour_5781,29876502.0
tour_5782,10258686.0
tour_5783,879271.56
tour_5787,10212603.0
tour_5796,2245466.8
tour_5804,20197210.0
tour_5808,6201657.5
tour_5810,8725951.0
tour_5811,7453216.0
tour_5814,3327381.0
tour_5815,5948669.5
tour_582,2876725.8
tour_5823,3381551.2
tour_5824,10402831.0
tour_5827,5131402.0
tour_5829,4070161.8
tour_5835,11345116.0
tour_5840,25608618.0
tour_5845,8380235.5
tour_5847,16917238.0
tour_5851,796960.9
tour_5854,827661.6
tour_5856,14382143.0
tour_5862,834910.56
tour_5868,992816.8
tour_5879,8549310.0
tour_5884,15544247.0
tour_5888,13455354.0
tour_5893,11501505.0
tour_5895,1479410.8
tour_5902,1885169.9
tour_5906,20592426.0
tour_5909,13064760.0
tour_5910,4333349.0
tour_5919,3319451.8
tour_5923,674390.25
tour_5928,8910171.0
tour_5936,17058604.0
tour_5937,4718535.5
tour_5938,7082618.5
tour_5943,1846846.9
tour_5946,15908619.0
tour_5947,6940638.5
tour_595,13617298.0
tour_5951,6086921.0
tour_5955,4016150.5
tour_5957,3626216.2
tour_5960,956932.6
tour_5965,13193214.0
tour_5967,1040822.8
tour_597,8500102.0
tour_5974,8902239.0
tour_598,2880193.5
tour_5980,25563012.0
tour_5997,2426939.8
tour_60,6265850.0
tour_600,5064318.0
tour_6000,1318313.2
tour_6002,969096.5
tour_6013,5742546.5
tour_602,14189829.0
tour_6023,16461989.0
tour_6024,2122185.8
tour_6026,16104248.0
tour_6029,12934912.0
tour_603,12547073.0
tour_6035,6123205.5
tour_604,708102.0
tour_6044,1148650.4
tour_6047,2049497.6
tour_605,1731363.4
tour_6054,24623342.0
tour_6057,10965578.0
tour_606,6362551.5
tour_6064,4025020.8
tour_6070,2888192.0
tour_6075,14632887.0
tour_6076,18718402.0
tour_6078,10473104.0
tour_6081,13489347.0
tour_6083,7906656.5
tour_609,2081607.6
tour_6100,21405796.0
tour_6106,17078934.0
tour_6113,10673373.0
tour_6118,695979.3
tour_6123,1353489.8
tour_6126,745367.4
tour_6127,677706.25
tour_6128,835806.9
tour_6129,921581.75
tour_6131,689772.4
tour_6144,1297956.6
tour_6146,1906694.6
tour_6151,2223540.0
tour_6157,972613.8
tour_6160,919172.7
tour_6161,812892.0
tour_6170,667161.4
tour_6172,758192.1
tour_6174,689772.4
tour_6191,1015588.56
tour_6195,870958.3
tour_6199,705944.0
tour_62,9557456.0
tour_620,2811324.0
tour_6202,810377.6
tour_6204,788284.1
tour_6209,728384.3
tour_6213,1510714.9
tour_6215,659550.56
tour_6218,837467.75
tour_6228,919172.7
tour_6237,638790.44
tour_6241,669814.4
tour_6244,720838.56
tour_625,895677.1
tour_6252,889853.6
tour_6261,963258.0
tour_6262,996645.06
tour_6263,728050.1
tour_6266,1034687.0
tour_6267,702127.6
tour_6272,4293926.5
tour_6273,2462869.5
tour_6280,982598.75
tour_6281,1119391.1
tour_6282,809874.4
tour_6284,1421386.4
tour_6290,645972.5
tour_6291,1378305.6
tour_6293,785361.44
tour_6296,736299.0
tour_6302,14272680.0
tour_6307,6108510.5
tour_6309,808831.9
tour_6310,2869484.2
tour_6322,850161.3
tour_6328,644644.6
tour_6329,702838.75
tour_6331,852730.75
tour_6338,1198515.2
tour_634,1177016.6
tour_6340,935105.0
tour_6342,927354.9
tour_6343,644962.25
tour_6347,924537.5
tour_6349,1161733.9
tour_6350,686601.2
tour_6351,938087.7
tour_6353,768059.94
tour_6358,1431634.0
tour_6362,1591342.8
tour_6363,719466.2
tour_6365,881174.6
tour_6366,1414725.1
tour_6371,775116.0
tour_6379,954717.7
tour_6383,690283.7
tour_6391,1057106.1
tour_6404,2299114.2
tour_6413,810550.25
tour_6415,912854.06
tour_6416,852530.1
tour_6417,1311115.9
tour_6421,950870.2
tour_6425,807257.8
tour_6427,1410148.2
tour_6434,1032341.2
tour_6437,942705.1
tour_6442,1039357.2
tour_6446,2561979.2
tour_6451,1786344.9
tour_6457,962952.56
tour_6463,1025932.06
tour_6464,676659.0
tour_6467,738870.1
tour_6472,920420.06
tour_6473,2604345.2
tour_6474,960336.56
tour_648,2711178.8
tour_653,1236896.2
tour_659,11611060.0
tour_66,4411880.0
tour_660,13066283.0
tour_661,7207708.5
tour_663,1174333.5
tour_665,1961004.8
tour_667,3887008.8
tour_67,21807060.0
tour_674,823162.75
tour_677,1019703.4
tour_682,5850551.0
tour_683,2795120.2
tour_685,2865245.8
tour_690,5043470.5
tour_7,2095375.5
tour_700,1614808.1
tour_701,30512680.0
tour_704,2704862.2
tour_705,782599.9
tour_707,6776461.0
tour_711,18891048.0
tour_714,2582518.2
tour_718,14745829.0
tour_726,11624139.0
tour_729,27034026.0
tour_733,27870368.0
tour_734,4833803.5
tour_735,6219355.0
tour_742,2221395.5
tour_747,3795711.2
tour_750,1906079.8
tour_753,2211692.0
tour_757,9024624.0
tour_759,2962849.5
tour_764,687632.5
tour_765,2078874.4
tour_771,5932019.0
tour_772,5717614.0
tour_776,12403323.0
tour_780,17668480.0
tour_787,5932369.0
tour_791,4389176.0
tour_794,3592689.0
tour_798,36216184.0
tour_805,740931.1
tour_816,1158764.0
tour_817,2150011.2
tour_819,8399732.0
tour_830,5665808.5
tour_831,6636212.5
tour_836,12984205.0
tour_837,2583345.2
tour_843,3825398.5
tour_844,9325065.0
tour_850,5517401.0
tour_861,1825894.4
tour_863,5193899.0
tour_870,2558207.2
tour_874,1391111.4
tour_878,7658704.0
tour_879,1499979.5
tour_88,9976920.0
tour_881,1303493.8
tour_882,3276753.5
tour_888,3673639.5
tour_890,1608977.1
tour_891,735552.4
tour_892,6950129.5
tour_894,1302091.2
tour_897,6336453.5
tour_901,6895211.0
tour_903,1231492.1
tour_905,1247705.8
tour_906,9106980.0
tour_915,4503298.5
tour_918,31483208.0
tour_921,784446.7
tour_923,13735136.0
tour_925,4322793.5
tour_931,10720328.0
tour_937,10168559.0
tour_938,3732403.0
tour_941,16099781.0
tour_942,12074052.0
tour_947,2939301.0
tour_95,10616527.0
tour_950,1141480.9
tour_958,4144017.2
tour_959,9140293.0
tour_96,1759603.0
tour_963,4649368.5
tour_964,8317492.5
tour_965,1132655.9
tour_968,5153455.5
tour_971,10535797.0
tour_972,5229697.5
tour_977,2424560.2
tour_988,635826.06
tour_990,26001752.0
tour_992,1285946.2
tour_996,706805.6
tour_998,5427684.0
